{
  "nlcd": {
    "mean": 37.52122497558594,
    "std": 39.7900505065918,
    "min": 0.0,
    "max": 99.0
  },
  "landcover": {
    "mean": 68.32636260986328,
    "std": 24.214399337768555,
    "min": 11.0,
    "max": 95.0
  },
  "ndvi": {
    "mean": 0.7945795059204102,
    "std": 0.13970807194709778,
    "min": -0.9677190780639648,
    "max": 0.9999724626541138
  },
  "lst": {
    "mean": 34.20573043823242,
    "std": 4.57303524017334,
    "min": 5.102426528930664,
    "max": 78.51808166503906
  },
  "tmean": {
    "mean": 17.09880256652832,
    "std": 0.3087034523487091,
    "min": 15.969999313354492,
    "max": 18.200000762939453
  }
}