{
  "nlcd": {
    "mean": 37.459625244140625,
    "std": 40.261070251464844,
    "min": 0.0,
    "max": 99.0
  },
  "landcover": {
    "mean": 68.32230377197266,
    "std": 24.174360275268555,
    "min": 11.0,
    "max": 95.0
  },
  "ndvi": {
    "mean": 0.8055717349052429,
    "std": 0.12029442936182022,
    "min": -0.5362353920936584,
    "max": 0.999966561794281
  },
  "lst": {
    "mean": 34.6214599609375,
    "std": 3.852318286895752,
    "min": 10.294136047363281,
    "max": 60.32053756713867
  },
  "tmean": {
    "mean": 16.94371795654297,
    "std": 0.26188644766807556,
    "min": 16.0,
    "max": 17.650001525878906
  }
}