{
  "mode": "linear",
  "slope": 0.7957155108451843,
  "intercept": 9.391620635986328,
  "val_metrics_raw": {
    "mae": 24.272903165322422,
    "rmse": 35.499358667824104,
    "r2": 0.387444801808587,
    "bias": 0.7251429390913401
  },
  "val_metrics_calibrated": {
    "mae": 27.60184414672143,
    "rmse": 34.69002814944458,
    "r2": 0.4150570380810351,
    "bias": -1.3884690199654552e-06
  }
}