{
  "mode": "linear",
  "slope": 0.792156457901001,
  "intercept": 11.132878303527832,
  "val_metrics_raw": {
    "mae": 24.0073852403012,
    "rmse": 35.432254417116845,
    "r2": 0.38975843274703903,
    "bias": -1.250479574567615
  },
  "val_metrics_calibrated": {
    "mae": 27.430579630909225,
    "rmse": 34.56130644828523,
    "r2": 0.4193899926302007,
    "bias": 2.0737074661781822e-07
  }
}