{
  "mode": "linear",
  "slope": 0.8026027083396912,
  "intercept": 10.125069618225098,
  "val_metrics_raw": {
    "mae": 24.401225434506593,
    "rmse": 35.42011711657339,
    "r2": 0.3901764370117725,
    "bias": -0.6136524890623518
  },
  "val_metrics_calibrated": {
    "mae": 27.591832224354114,
    "rmse": 34.6771137309724,
    "r2": 0.4154924826427965,
    "bias": 5.443281790221106e-07
  }
}