{
  "mode": "linear",
  "slope": 0.8180793523788452,
  "intercept": 9.372904777526855,
  "val_metrics_raw": {
    "mae": 25.283277614710048,
    "rmse": 35.61721626130158,
    "r2": 0.383370693065779,
    "bias": -0.6057843803831803
  },
  "val_metrics_calibrated": {
    "mae": 28.083791309052838,
    "rmse": 35.03097074030178,
    "r2": 0.40350259352272866,
    "bias": 6.45386117525455e-07
  }
}