{
  "mode": "linear",
  "slope": 0.797326922416687,
  "intercept": 9.84497356414795,
  "val_metrics_raw": {
    "mae": 24.254814743699175,
    "rmse": 35.3939836524287,
    "r2": 0.39107597796847193,
    "bias": 0.05646588236681764
  },
  "val_metrics_calibrated": {
    "mae": 27.539244909857597,
    "rmse": 34.599927670612075,
    "r2": 0.4180916390964229,
    "bias": -1.6449557088424678e-06
  }
}