{
  "mode": "linear",
  "slope": 0.923549234867096,
  "intercept": 2.5053038597106934,
  "val_metrics_raw": {
    "mae": 12.133703479077596,
    "rmse": 22.850834808745972,
    "r2": 0.7461902175287894,
    "bias": 1.3267549718003506
  },
  "val_metrics_calibrated": {
    "mae": 14.123030924153774,
    "rmse": 22.578669090928223,
    "r2": 0.7522002335523373,
    "bias": -9.383809337395925e-07
  }
}