{
  "mode": "linear",
  "slope": 0.9397222995758057,
  "intercept": 2.884140729904175,
  "val_metrics_raw": {
    "mae": 12.112519173932881,
    "rmse": 22.387472894177836,
    "r2": 0.7563792019982951,
    "bias": 0.060950140114842385
  },
  "val_metrics_calibrated": {
    "mae": 13.704013115579862,
    "rmse": 22.24334201158772,
    "r2": 0.7595059730177791,
    "bias": -1.399296453946254e-06
  }
}