{
  "mode": "linear",
  "slope": 0.9232734441757202,
  "intercept": 3.9805562496185303,
  "val_metrics_raw": {
    "mae": 11.435509659175308,
    "rmse": 22.177667637038642,
    "r2": 0.7609240133596321,
    "bias": -0.2561227618068563
  },
  "val_metrics_calibrated": {
    "mae": 13.490859290685899,
    "rmse": 21.92935613033264,
    "r2": 0.7662476550098198,
    "bias": -2.1981822596528054e-06
  }
}