{
  "mode": "linear",
  "slope": 0.790988564491272,
  "intercept": 10.64979362487793,
  "val_metrics_raw": {
    "mae": 23.844019362134762,
    "rmse": 35.311969060110805,
    "r2": 0.39389469399153965,
    "bias": -0.5695406850937637
  },
  "val_metrics_calibrated": {
    "mae": 27.3055406046134,
    "rmse": 34.43483002691902,
    "r2": 0.4236316790300232,
    "bias": 2.753804228910925e-08
  }
}