{
  "mode": "linear",
  "slope": 0.9274078011512756,
  "intercept": 3.081151247024536,
  "val_metrics_raw": {
    "mae": 11.520801803363804,
    "rmse": 22.18190298406635,
    "r2": 0.7608326902797674,
    "bias": 0.4972870523897568
  },
  "val_metrics_calibrated": {
    "mae": 13.468667525366827,
    "rmse": 21.95765858135815,
    "r2": 0.7656438950568603,
    "bias": 2.0824743606277536e-06
  }
}